{"ISR": 1.5984076241027805, "TUR": 2.768240195096339, "GBR": 14.417266063624004, "THA": 1.8555334658714382, "PAK": 2.157558170777581, "PAN": 2.851502522483001, "MDA": 3.4936070592472537, "CZE": 3.508561848880374, "HUN": 12.935323383084576, "ECU": 7.6650711428758775, "SRB": 2.1592442645074224, "GHA": 0.433996383363472, "DZA": 8.211735485873954, "IRQ": 3.658924594336621, "OMN": 0.4376871688551025, "IRN": 5.984301467699265, "SGP": 0.08046593608705647, "ZAF": 1.86827851479708, "UKR": 2.7067133614293346, "NOR": 2.837920489296636, "IDN": 6.516306385105586, "IND": 3.2316701232158107, "ARM": 1.2694300518134713, "AUT": 3.9112777257107156, "KAZ": 0.5744031592173757, "USA": 6.058725330403155, "PRT": 4.180938592464424, "BRA": 6.895888979784938, "MEX": 10.510623312595376, "FRA": 19.40136959166926, "RUS": 0.9137941287240581, "ITA": 14.060314842041095, "NLD": 12.856190060026218, "POL": 5.012773204655123, "CHN": 5.518332956479311, "JPN": 4.384610634224665, "AFG": 2.5472935006555537, "ARE": 0.986530070195409, "KWT": 0.7348643006263048, "BGD": 1.5002915761013624, "FIN": 4.67046379170057, "LUX": 2.630906768837803, "PER": 2.81251550791524, "COL": 3.8574577516531963, "CAN": 7.454939306004005, "SWE": 12.346931635294942, "CHL": 0.9665226781857451, "MYS": 1.6424695703182286, "BOL": 4.507710557532621, "MAR": 2.8757378537914335, "DNK": 5.012601512181462, "BLR": 0.5640221126550127, "ROU": 6.438111651381793, "PHL": 6.652071404513304, "ARG": 4.957168936947058, "KOR": 2.359774913777455, "AUS": 1.4022034625840607, "CHE": 5.227123107307439, "QAT": 0.049518958687040183, "ESP": 11.902500653480875, "DOM": 3.7279151943462896, "IRL": 6.320560708440006, "BEL": 16.39957264957265, "BHR": 0.16134236850596967, "DEU": 4.518573276658659, "SAU": 0.6038106210928331, "EGY": 5.272878382122079, "NGA": 3.2351801627276253}