{"high": {"DZA": 6.211, "BEL": 18.570999999999998, "ESP": 19.436, "ECU": 7.104, "ITA": 23.021, "NLD": 18.779, "MEX": 6.857, "FRA": 19.718, "HUN": 18.577, "GBR": 18.517, "SWE": 19.985}, "low": {"TUR": 8.152999999999999, "EGY": 5.159, "IRN": 5.44, "ARG": 11.198, "JPN": 27.049, "MYS": 6.292999999999999, "BHR": 2.372, "ARE": 1.1440000000000001, "DEU": 21.453000000000003, "CHL": 11.087, "NGA": 2.7510000000000003, "POL": 16.762999999999998, "KOR": 13.914000000000001, "CHN": 10.640999999999998, "UKR": 16.462, "AUS": 15.504000000000001, "PER": 7.151, "SAU": 3.295, "KWT": 2.345, "IRQ": 3.1860000000000004, "COL": 7.646, "AUT": 19.202, "MDA": 10.864, "BRA": 8.552, "SRB": 17.366, "NOR": 16.820999999999998, "KAZ": 6.9910000000000005, "CZE": 19.027, "SGP": 12.922, "QAT": 1.307, "DNK": 19.677, "USA": 15.413, "LUX": 14.312000000000001, "ROU": 17.85, "BGD": 5.098, "ZAF": 5.343999999999999, "MAR": 6.769, "OMN": 2.355, "IRL": 13.927999999999999, "ISR": 11.732999999999999, "BLR": 14.799000000000001, "PHL": 4.803, "PAN": 7.917999999999999, "RUS": 14.177999999999999, "CHE": 18.436, "IDN": 5.319, "THA": 11.373, "IND": 5.989, "AFG": 2.5810000000000004, "ARM": 11.232000000000001, "DOM": 6.981, "GHA": 3.385, "CAN": 16.984, "PRT": 21.502, "BOL": 6.704, "PAK": 4.495, "FIN": 21.228}}