{"high": {"DZA": 3.8569999999999998, "BEL": 12.849, "ESP": 13.799000000000001, "ECU": 4.458, "ITA": 16.24, "NLD": 11.880999999999998, "MEX": 4.321000000000001, "FRA": 13.079, "HUN": 11.975999999999999, "GBR": 12.527000000000001, "SWE": 13.433}, "low": {"TUR": 5.061, "EGY": 2.891, "IRN": 3.182, "ARG": 7.441, "JPN": 18.493, "MYS": 3.407, "BHR": 1.3869999999999998, "ARE": 0.526, "DEU": 15.957, "CHL": 6.938, "NGA": 1.4469999999999998, "POL": 10.202, "KOR": 8.622, "CHN": 5.928999999999999, "UKR": 11.133, "AUS": 10.129, "PER": 4.455, "SAU": 1.845, "KWT": 1.114, "IRQ": 1.9569999999999999, "COL": 4.312, "AUT": 13.748, "MDA": 6.955, "BRA": 5.06, "NOR": 10.812999999999999, "KAZ": 4.625, "CZE": 11.58, "SGP": 7.0489999999999995, "QAT": 0.617, "DNK": 12.325, "USA": 9.732000000000001, "LUX": 9.842, "ROU": 11.69, "BGD": 3.262, "ZAF": 3.053, "MAR": 4.209, "OMN": 1.53, "IRL": 8.677999999999999, "ISR": 7.359, "BLR": 9.788, "PHL": 2.661, "PAN": 5.03, "RUS": 9.392999999999999, "CHE": 12.644, "IDN": 3.053, "THA": 6.89, "IND": 3.4139999999999997, "AFG": 1.337, "ARM": 7.571000000000001, "DOM": 4.419, "GHA": 1.9480000000000002, "CAN": 10.797, "PRT": 14.924000000000001, "BOL": 4.393, "PAK": 2.78, "FIN": 13.264000000000001}}