{"high": {"DZA": 278.36400000000003, "BEL": 114.898, "ESP": 99.40299999999999, "ECU": 140.44799999999998, "ITA": 113.15100000000001, "NLD": 109.361, "MEX": 152.783, "FRA": 86.06, "HUN": 278.296, "GBR": 122.137, "SWE": 133.982}, "low": {"TUR": 171.285, "EGY": 525.432, "IRN": 270.308, "ARG": 191.032, "JPN": 79.37, "MYS": 260.942, "BHR": 151.689, "ARE": 317.84, "DEU": 156.139, "CHL": 127.993, "NGA": 181.013, "POL": 227.331, "KOR": 85.99799999999999, "CHN": 261.899, "UKR": 539.849, "AUS": 107.791, "PER": 85.755, "SAU": 259.538, "KWT": 132.235, "IRQ": 218.612, "COL": 124.24, "AUT": 145.183, "MDA": 408.50199999999995, "BRA": 177.96099999999998, "SRB": 439.415, "NOR": 114.316, "KAZ": 466.792, "CZE": 227.485, "SGP": 92.243, "QAT": 176.69, "DNK": 114.76700000000001, "USA": 151.089, "LUX": 128.275, "ROU": 370.94599999999997, "BGD": 298.003, "ZAF": 200.38, "MAR": 419.14599999999996, "OMN": 266.342, "IRL": 126.459, "ISR": 93.32, "BLR": 443.129, "PHL": 370.43699999999995, "PAN": 128.346, "RUS": 431.29699999999997, "CHE": 99.73899999999999, "IDN": 342.86400000000003, "THA": 109.861, "IND": 282.28, "AFG": 597.029, "ARM": 341.01, "DOM": 266.653, "GHA": 298.245, "CAN": 105.59899999999999, "PRT": 127.84200000000001, "BOL": 204.299, "PAK": 423.031, "FIN": 153.507}}