{"high": {"DZA": 13913.839, "BEL": 42658.575999999994, "ESP": 34272.36, "ECU": 10581.936000000002, "ITA": 35220.084, "NLD": 48472.545, "MEX": 17336.468999999997, "FRA": 38605.671, "HUN": 26777.561, "GBR": 39753.244, "SWE": 46949.282999999996}, "low": {"TUR": 25129.341, "EGY": 10550.206, "IRN": 19082.62, "ARG": 18933.907, "JPN": 39002.223, "MYS": 26808.164, "BHR": 43290.705, "ARE": 67293.483, "DEU": 45229.245, "CHL": 22767.037, "NGA": 5338.454000000001, "POL": 27216.445, "KOR": 35938.373999999996, "CHN": 15308.712, "UKR": 7894.393, "AUS": 44648.71, "PER": 12236.706, "SAU": 49045.41099999999, "KWT": 65530.537000000004, "IRQ": 15663.986, "COL": 13254.948999999999, "AUT": 45436.685999999994, "MDA": 5189.972, "BRA": 14103.452, "SRB": 14048.881000000001, "NOR": 64800.057, "KAZ": 24055.588, "CZE": 32605.906000000003, "SGP": 85535.383, "QAT": 116935.6, "DNK": 46682.515, "USA": 54225.445999999996, "LUX": 94277.965, "ROU": 23313.199, "BGD": 3523.9840000000004, "ZAF": 12294.876, "MAR": 7485.013000000001, "OMN": 37960.709, "IRL": 67335.293, "ISR": 33132.32, "BLR": 17167.967, "PHL": 7599.188, "PAN": 22267.037, "RUS": 24765.953999999998, "CHE": 57410.166, "IDN": 11188.743999999999, "THA": 16277.671, "IND": 6426.674, "AFG": 1803.987, "ARM": 8787.58, "DOM": 14600.861, "GHA": 4227.63, "CAN": 44017.59099999999, "PRT": 27936.896, "BOL": 6885.829000000001, "PAK": 5034.708, "FIN": 40585.721}}