{"high": {"BEL": 2.3569999999999998, "ITA": 2.271, "FRA": 1.854, "HUN": 1.959, "SWE": 1.778, "GBR": 2.235, "NLD": 1.778, "MEX": 2.648, "ESP": 2.617}, "low": {"KOR": 3.259, "TUR": 0.917, "CHN": 2.019, "IDN": 1.275, "AUS": 2.843, "IND": 2.525, "COL": 1.915, "LUX": 0.7979999999999999, "JPN": 1.7369999999999999, "CAN": 3.255, "PRT": 3.052, "ZAF": 4.4239999999999995, "AUT": 2.609, "DEU": 1.745, "BRA": 5.2379999999999995, "USA": 2.6189999999999998, "CHL": 3.715, "IRL": 1.828, "NOR": 1.4780000000000002, "ISR": 2.5780000000000003, "POL": 1.775, "CZE": 1.3090000000000002, "RUS": 2.266, "CHE": 4.423, "FIN": 2.24, "DNK": 1.633}}