{"high": {"DZA": 83.741, "ECU": 80.635, "MEX": 87.84700000000001}, "low": {"EGY": 89.82700000000001, "NGA": 41.949, "IRQ": 94.57600000000001, "COL": 65.38600000000001, "MDA": 86.979, "SRB": 97.719, "KAZ": 98.999, "BGD": 34.808, "ZAF": 43.993, "OMN": 97.4, "PHL": 78.46300000000001, "IDN": 64.204, "THA": 90.67, "IND": 59.55, "AFG": 37.746, "ARM": 94.04299999999999, "DOM": 55.181999999999995, "GHA": 41.047, "BOL": 25.383000000000003, "PAK": 59.607}}