{"high": {"DZA": 17.348, "BEL": 375.564, "ESP": 93.105, "ECU": 66.939, "ITA": 205.859, "NLD": 508.54400000000004, "MEX": 66.444, "FRA": 122.57799999999999, "HUN": 108.04299999999999, "GBR": 272.89799999999997, "SWE": 24.718000000000004}, "low": {"TUR": 104.914, "EGY": 97.999, "IRN": 49.831, "ARG": 16.177, "JPN": 347.778, "MYS": 96.25399999999999, "BHR": 1935.9070000000002, "ARE": 112.44200000000001, "DEU": 237.016, "CHL": 24.281999999999996, "NGA": 209.588, "POL": 124.027, "KOR": 527.967, "CHN": 147.674, "UKR": 77.39, "AUS": 3.202, "PER": 25.129, "SAU": 15.322000000000001, "KWT": 232.128, "IRQ": 88.125, "COL": 44.223, "AUT": 106.749, "MDA": 123.655, "BRA": 25.04, "SRB": 80.291, "NOR": 14.462, "KAZ": 6.681, "CZE": 137.17600000000002, "SGP": 7915.731, "QAT": 227.322, "DNK": 136.52, "USA": 35.608000000000004, "LUX": 231.447, "ROU": 85.12899999999999, "BGD": 1265.036, "ZAF": 46.754, "MAR": 80.08, "OMN": 14.98, "IRL": 69.874, "ISR": 402.606, "BLR": 46.858000000000004, "PHL": 351.87300000000005, "PAN": 55.133, "RUS": 8.823, "CHE": 214.243, "IDN": 145.725, "THA": 135.132, "IND": 450.41900000000004, "AFG": 54.422, "ARM": 102.931, "DOM": 222.873, "GHA": 126.719, "CAN": 4.037, "PRT": 112.37100000000001, "BOL": 10.202, "PAK": 255.57299999999998, "FIN": 18.136}}