{"high": {"ECU": 15.85361, "GBR": 10.44482, "DZA": 39.40822, "HUN": 16.08462, "FRA": 11.95962, "MEX": 21.23615, "BEL": 13.09935, "NLD": 12.085999999999999, "SWE": 6.13443, "ITA": 16.4971, "ESP": 9.91419}, "low": {"ROU": 14.6146, "JPN": 11.86181, "ARM": 32.639790000000005, "LUX": 10.179039999999999, "PER": 26.035829999999997, "KOR": 25.13889, "IDN": 16.70816, "GHA": 35.072340000000004, "BGD": 60.5818, "FIN": 5.90603, "DOM": 14.02285, "BRA": 12.82884, "ZAF": 24.95864, "IRQ": 62.50039, "AFG": 57.96859, "MAR": 32.68699, "IRN": 39.32537, "BHR": 69.88265, "PAN": 11.45814, "PAK": 60.31661999999999, "PHL": 18.17468, "CZE": 16.21481, "THA": 26.33683, "USA": 7.36365, "SGP": 19.72147, "CAN": 6.459309999999999, "SAU": 92.36789, "CHE": 10.44407, "MDA": 16.57612, "ARE": 40.64907, "KAZ": 13.969570000000001, "BLR": 19.04726, "IRL": 8.27177, "CHN": 53.45372, "AUT": 12.68774, "AUS": 8.52437, "PRT": 8.12088, "IND": 90.2457, "CHL": 22.13709, "KWT": 60.44517, "COL": 16.91747, "UKR": 20.698179999999997, "DNK": 10.35431, "POL": 20.943270000000002, "OMN": 41.69611, "QAT": 89.72286, "ISR": 20.8113, "SRB": 25.05095, "RUS": 16.170720000000003, "EGY": 86.60764, "ARG": 14.234820000000001, "BOL": 22.23571, "NGA": 70.1165, "MYS": 16.03565, "DEU": 12.08939, "NOR": 7.0458}}